"grid_size","handcoded_u280","codegen_u280","handcoded_vck5000","codegen_vck5000",H100_1B,H100_10B,pow_C_U280_50B,pow_C_VCK5000_50B,pow_H100_50B_1SYS,pow_H100_50B_10SYS
"$30^3$","198.534034","310.63106","233.373237","298.014341",44.5643832,105.744816,0.09073441,0.12285637499999999,5.0252774,1.00539141
"$50^3$","261.62304","410.066868","297.175643","346.249198",182.353528,336.366613,0.3125098,0.43461041666666655,6.20843643,2.242822
"$75^3$","321.280069","615.826466","360.726455","494.668814",392.277043,539.858341,0.70439427,1.0367613913043479,9.70335418,6.26799155
"$100^3$","356.873078","664.839835","400.774831","518.645298",547.650125,703.440999,1.53270894,2.306580510204082,15.3761125,13.5171781
"$150^3$","397.609239","796.38187","445.662221","602.779035",779.001954,758.265089,4.32196419,6.8707510985915485,43.673716,46.2574137
"$200^3$","404.047206","875.73822","452.599619","652.233288",788.090637,608.556302,9.29961206,15.030705684210524,116.718228,135.158335
"$250^3$","421.026631","929.165386","471.605572","684.841446",873.401094,609.601467,17.1647495,28.22329299295775,230.893982,266.128861
