"grid_size","handcoded_u280","codegen_L_u280",codegen_M_u280,"handcoded_vck5000","codegen_vck5000",H100_1B,H100_10B,H100_100B
"100x100","400.793288","475.079296",361.714954,"384.285568","452.701563",31.0713209,235.312846,524.86449
"200x100","496.523822","554.87858",464.853434,"431.847034","529.474056",61.8776218,394.510344,1020.83224
"200x200","617.608574","609.588468",583.207901,"496.984419","604.734717",123.346313,672.380799,1280.17081
"300x150","626.91156","620.453052",585.529387,"502.68914","606.589224",138.484097,739.867043,1242.3426
"300x300","720.828919","652.521591",684.410646,"550.009932","660.075499",267.662675,1042.51129,1237.52757
"400x200","688.220995","625.814863",352.482279,"530.416269","622.648852",206.295554,965.010123,1164.20982
"400x300","729.436327","640.549281",681.829576,"551.303433","648.00648",326.232969,1147.63284,1239.8224
"400x400","755.642955","648.136013",704.964557,"562.813446","661.457151",420.848505,1223.54229,1360.79471
