"grid_size","handcoded_u280","codegen_L_16834_u280",codegen_L_4096_H_10_u280,codegen_L_4096_H_360_u280,codegen_L_8192_u280,codegen_M_u280,"handcoded_vck5000","codegen_vck5000",H100_1B,H100_10B,H100_100B,pow_C_4096_U280_1000B,pow_C_8192_U280_1000B,pow_C_VCK5000_1000B,pow_H100_1000B
"100x100","400.793288","475.079296",580.818253,579.91438,513.116246,361.714954,"384.285568","452.701563",31.0713209,235.312846,524.86449,0.77723974,0.70461872,0.9657774719999999,2.11758228
"200x100","496.523822","554.87858",677.932925,679.625186,599.390215,464.853434,"431.847034","529.474056",61.8776218,394.510344,1020.83224,1.22208276,1.18131651,1.6233478048780488,3.6883836
"200x200","617.608574","609.588468",744.059157,744.64047,657.216749,583.207901,"496.984419","604.734717",123.346313,672.380799,1280.17081,2.08953111,1.21220736,2.861975425352113,8.28065924
"300x150","626.91156","620.453052",757.088277,757.629841,668.563079,585.529387,"502.68914","606.589224",138.484097,739.867043,1242.3426,2.25166223,2.35346941,3.183784048780488,9.66829658
"300x300","720.828919","652.521591",798.875472,799.292342,705.470288,684.410646,"550.009932","660.075499",267.662675,1042.51129,1237.52757,4.15374996,4.40930056,5.7507968,20.7906891
"400x200","688.220995","625.814863",765.219935,766.093989,676.141516,352.482279,"530.416269","622.648852",206.295554,965.010123,1164.20982,3.85271149,4.09135991,5.77909475,18.8680339
"400x300","729.436327","640.549281",784.503777,784.477137,693.154435,681.829576,"551.303433","648.00648",326.232969,1147.63284,1239.8224,5.67671156,5.95712108,7.568122857142857,28.6503027
"400x400","755.642955","648.136013",,738.635784,701.587812,704.964557,"562.813446","661.457151",420.848505,1223.54229,1360.79471,,7.85096031,9.696145555555555,38.7077391
