"grid_size","handcoded_u280","codegen_u280","handcoded_vck5000","codegen_vck5000",H100_1B
"30x30x30","146.883933","310.132771","107.716707","303.582446",52.609885
"50x50x50","187.295028","371.955686","124.542446","340.588747",237.474152
"100x100x100","255.548233","548.187818","154.580865","482.222676",797.034215
"150x150x150","285.941065","629.284874","166.630868","546.566648",987.134442
"200x200x200","291.484719","675.780315","166.486674","582.926966",783.827036
"250x250x250","304.389692","705.932439","171.682241","606.391554",820.35904
"300x300x300","313.460317","727.069351","175.274839","622.743442",825.523008
