"grid_size","handcoded_u280","codegen_u280","handcoded_vck5000","codegen_vck5000",H100_1B,H100_10B,H100_50B,pow_c_u280_50B,pow_H100_50B_1SYS,pow_H100_50B_10SYS,pow_H100_50B_50SYS
"$30^3$","146.883933","310.132771","107.716707","303.582446",52.609885,120.923289,421.10062,,,,
"$50^3$","187.295028","371.955686","124.542446","340.588747",237.474152,409.675915,549.47718,0.440837836,2.31,2.10,2.25
"$100^3$","255.548233","548.187818","154.580865","482.222676",797.034215,922.580149,871.909751,2.334909317,11.52,12.29,14.57
"$150^3$","285.941065","629.284874","166.630868","546.566648",987.134442,1003.31963,991.8467,6.867538672,38.91,42.81,45.38
"$200^3$","291.484719","675.780315","166.486674","582.926966",783.827036,789.570582,827.079429,7.099450625,114.55,125.06,
"$250^3$","304.389692","705.932439","171.682241","606.391554",820.35904,805.609355,,36.50566889,215.63,,
"$300^3$","313.460317","727.069351","175.274839","622.743442",825.523008,799.259186,,61.87011314,373.57,,
