"grid_size","codegen_u280","codegen_vck5000",H100_1B,H100_10B,H100_100B
"100x100","429.80969","356.202877",8.91620992,30.4072031,225.645911
"200x100","678.573112","424.716119",18.5644043,66.9238277,375.755425
"200x200","931.454039","549.643495",31.2075366,121.726487,405.168145
"300x150","924.488678","531.171923",33.4293568,120.6093,392.837743
"300x300","1073.61557","637.047873",48.3997461,229.87201,414.092435
"400x200","995.478867","574.178705",45.8247014,189.609654,401.629388
"400x300","1066.74832","628.693758",54.4448827,277.827798,431.598613
"400x400","1106.43055","659.441055",59.9888771,332.339009,444.92851
