"grid_size","codegen_u280","codegen_vck5000",H100_1B,H100_10B,H100_100B,pow_C_U280_1000B,pow_C_VCK5000_1000B,pow_H100_1000B
"100x100","295.6911572","238.7652948",5.847865584,20.2714688,258.8455059,0.496417013,0.464620308,1.88512005
"200x100","458.4601512","285.502558",11.72510492,44.6158851,312.9421122,0.729661813,0.762025,3.6127208
"200x200","627.9970256","367.6959849",27.15469691,81.1509916,286.6908263,1.233018545,1.174956517,8.724137209
"300x150","625.53252","355.1833773",30.45913336,80.4062002,287.5215641,1.3440698,1.3861664,10.23157966
"300x300","720.8981249","425.4623967",60.00823446,153.248006,294.0872132,2.499961121,2.473838846,21.57195254
"400x200","669.1733769","383.3459736",52.78305532,126.406436,280.6822626,2.385915772,2.292025,20.21012558
"400x300","714.8340399","419.8667439",72.89254184,185.218532,291.2413708,3.417973231,3.315144,30.57040853
"400x400","740.4346952","440.5255346",95.92199144,221.559339,297.2354778,4.426153142,4.174987636,40.92472195
