"grid_size","codegen_u280","codegen_vck5000",H100_1B,H100_10B,H100_100B,pow_C_U280_1000B,pow_C_VCK5000_1000B,pow_H100_1000B
"100x100","286.539793","237.468585",5.94413994,20.2714688,150.430608,0.2990207,0.46462030769230767,2.928
"200x100","452.382074","283.144079",12.3762695,44.6158851,250.503617,0.39311826,0.7620250000000001,4.603
"200x200","620.969359","366.428997",20.8050244,81.1509916,270.112097,0.60160183,1.1749565172413794,10.045
"300x150","616.325785","354.114615",22.2862378,80.4062002,261.891829,0.65681225,1.3861664,11.872
"300x300","715.743711","424.698582",32.2664974,153.248006,276.061623,1.14189452,2.4738388461538463,25.631
"400x200","663.652578","382.785803",30.5498009,126.406436,267.752925,1.0849756,2.292025,23.004
"400x300","711.165546","419.129172",36.2965885,185.218532,287.732409,1.4981242,3.315144,34.062
"400x400","737.620368","439.62737",39.9925847,221.559339,296.619007,1.94708812,4.174987636363636,46.746
