"grid_size","handcoded_u280","codegen_u280","handcoded_vck5000","codegen_vck5000",H100_1B,H100_100B,pow_C_U280_1000B,pow_C_VCK5000_1000B,pow_H100_1000B
"100x100","288.3230601","380.1866711","338.880575","353.3003524",8.761105462,319.1503508,0.555473326,0.493851569,2.641194411
"200x100","390.6271595","600.2416866","400.528052","420.4888551",17.45469779,391.0981711,0.841975929,0.8003172,5.990760222
"200x200","569.9896555","792.6958345","518.612295","542.2066076",35.25909189,273.4892095,1.50926697,1.266933407,17.09566204
"300x150","560.3002974","795.6607118","503.964146","524.8971889",39.89197647,280.8253492,1.632012668,1.490296622,19.06777904
"300x300","744.8375075","912.9841469","609.897266","627.3664745",80.09883801,298.046142,3.078536188,2.659899077,37.56507295
"400x200","665.9868682","849.7396934","559.203338","566.3477595",72.74999792,298.0581203,2.933914352,2.573285143,33.50992659
"400x300","770.0082266","907.0649861","615.289389","618.7708063",103.0279485,305.8125624,4.205691523,3.521364,49.32402572
"400x400","828.7162269","938.338528","645.729012","649.2099318",130.1130357,308.8190353,5.51855432,4.637278909,65.28891071
